-- populating table
INSERT INTO User VALUES("gcalvert", "1234", "George", "Calvert"),
                        ("pAbrahm", "password", "Peri", "Abrahm"),
                        ("dGiacobbi", "p123", "David", "Giacobbi"),
                        ("jDoe", "userpass", "Jane", "Doe"),
                        ("rockerman", "musicbb", "Freddie", "Mercury"),
                        ("usernameISGood", "epicpassword", "Simon", "C"),
                        ("pdog","dogs", "Peter", "James"),
                        ("pJack", "golum", "Peter", "Jackson"),
                        ("Jsud", "snl2006", "Jason", "Sudeikes"),
                        ("elmo", "sesame", "Elmo", "lasname"),
                        ("bBird", "yellow", "Big", "Bird"),
                        ("iceman", "bwoah", "Kimi", "Raikonnen"),
                        ("badger", "honey", "Daiel", "Ricciardo"),
                        ("quantum", "mahShoes", "Lando", "Norris"),
                        ("joe", "flippymcflip", "Zhao", "Guanyu"),
                        ("flyingFin", "coloradorapids", "Valterri", "Bottas"),
                        ("pierre", "frenchie", "Pierre", "Gasly"),
                        ("yukiyuki", "short", "Yuki", "Tsonoda"),
                        ("estie", "crashymcchrash", "Estabon", "Ocon"),
                        ("GRuss", "slow", "George", "Russel"),
                        ("LH44", "stillwerise", "Lewis", "Hamilton"),
                        ("supermax", "twotimechamp", "Max", "Verstappen"),
                        ("checo", "ministerofdefense", "Sergio", "Perez"),
                        ("firn", "mr.twotime", "Fernando", "Alonso"),
                        ("albono", "willy", "Alex", "Albon"),
                        ("goatifi", "nutella", "Nicolas", "Latifi"),
                        ("legreg", "iamstupid", "Charles", "Leclerc"),
                        ("smoothcriminal", "CS55", "Carlos", "Sainz"),
                        ("theHulk", "nicooooooo", "Nico", "Hulkenburg"),
                        ("sebbie", "ferrarisucks", "Sebastian", "Vettel"),
                        ("jSmith", "4321", "John", "Smith"),
                        ("admin", "adminpassword", "admin", "admin");
INSERT INTO Subjects VALUES("MA", "Math"),
                    ("SC", "Science"),
                    ("LI", "Literature"),
                    ("LA", "Language"),
                    ("SP", "Sport"),
                    ("FN", "Fun"),
                    ("HI", "History"),
                    ("IF", "General Info"),
                    ("CS", "Computer Science");
INSERT INTO StudySet VALUES(1, "gcalvert", "Database", "CS"),
                            (2, "jSmith", "BiologySem1 Final", "SC"),
                            (3, "gcalvert", "Math 231", "MA"),
                            (4, "jSmith", "French1", "LA"),
                            (5, "jSmith", "To kill a mocking bird", "LI"),
                            (6, "jSmith", "The Giver", "LI"),
                            (7, "jSmith", "MidsummerNights", "LI"),
                            (8, "jSmith", "Magpie Murders", "LI"),
                            (9, "gcalvert", "Discrete", "MA"),
                            (10, "gcalvert", "Software", "CS"),
                            (11, "gcalvert", "Algorithms", "CS"),
                            (12, "gcalvert", "Comm101", "LA"),
                            (13, "gcalvert", "CPSC121", "CS"),
                            (14, "gcalvert", "CPSC122", "CS"),
                            (15, "gcalvert", "PHYS101", "LA"),
                            (16, "pAbrahm", "Meaning Making", "LI"),
                            (17, "pAbrahm", "Sensations", "SC"),
                            (18, "pAbrahm", "Practices/Habits", "LI"),
                            (19, "pAbrahm", "Public Text", "LI"),
                            (20, "pAbrahm", "Writing", "LA"),
                            (21, "pAbrahm", "BioSci", "SC"),
                            (22, "dGiacobbi", "PHIL201", "SC"),
                            (23, "dGiacobbi", "Religion101", "LI"),
                            (24, "dGiacobbi", "CPSC222", "CS"),
                            (25, "dGiacobbi", "CPSC221", "CS"),
                            (26, "dGiacobbi", "Chem101L", "SC"),
                            (27, "smoothcriminal", "How to drive", "SP"),
                            (28, "pierre", "How to be french", "SP"),
                            (29, "goatifi", "History of Nutella", "HI"),
                            (30, "elmo", "Fish care", "IF"),
                            (31, "flyingFin", "Photography", "IF"),
                            (32, "quantum", "how to stream", "IF"),
                            (33, "joe", "Rookie of the year", "SP"),
                            (34, "iceman", "Press 101", "IF"),
                            (35, "LH44", "WDC 101", "IF"),
                            (36, "GRuss", "Mercedes History", "HI"),
                            (37, "sebbie", "WDC winners", "HI"),
                            (38, "quantum", "Golf Rules", "SP"),
                            (39, "estie", "How to get ALong with your teamates", "IF"),
                            (40, "legreg", "Monaco", "HI"),
                            (41, "albono", "Vetinary test", "SC"),
                            (42, "firn", "Mechanic Qualification", "IF"),
                            (43, "badger", "F1 seat Negotiations 101", "IF"),
                            (44, "LH44", "Brazil 101", "HI"),
                            (45, "yukiyuki", "AngerManagement301", "IF"),
                            (46, "smoothcriminal", "How to enjoy driving with ferrari", "FN"),
                            (47, "joe", "How to Flip", "FN"),
                            (48, "sebbie", "How o enjoy Retirement", "FN"),
                            (49, "theHulk", "Reserve Driver 101", "IF"),
                            (50, "gcalvert", "MATH259", "MA");
INSERT INTO Likes VALUES(1, "jSmith"),
                        (2, "jSmith"),
                        (3, "jSmith"),
                        (1, "dGiacobbi"),
                        (1, "jDoe"),
                        (1, "pAbrahm"),
                        (4, "jSmith"),
                        (4, "pAbrahm"),
                        (2, "pAbrahm"),
                        (23, "gcalvert"),
                        (24, "gcalvert"),
                        (1, "yukiyuki"),
                        (1, "albono"),
                        (1, "theHulk"),
                        (1, "legreg"),
                        (1, "firn"),
                        (1, "checo"),
                        (1, "goatifi"),
                        (1, "LH44"),
                        (1, "GRuss"),
                        (1, "elmo"),
                        (1, "smoothcriminal"),
                        (1, "pdog"),
                        (1, "estie"),
                        (1, "pierre"),
                        (1, "flyingFin"),
                        (1, "joe"),
                        (1, "badger"),
                        (1, "quantum"),
                        (1, "iceman"),
                        (26, "gcalvert");
INSERT INTO Saves VALUES(1, "jSmith"),
                        (2, "jSmith"),
                        (3, "jSmith"),
                        (1, "dGiacobbi"),
                        (1, "jDoe"),
                        (1, "pAbrahm"),
                        (4, "jSmith"),
                        (4, "pAbrahm"),
                        (2, "pAbrahm"),
                        (23, "gcalvert"),
                        (24, "gcalvert"),
                        (1, "yukiyuki"),
                        (1, "albono"),
                        (1, "theHulk"),
                        (1, "legreg"),
                        (1, "firn"),
                        (1, "checo"),
                        (1, "goatifi"),
                        (1, "LH44"),
                        (1, "GRuss"),
                        (1, "elmo"),
                        (1, "smoothcriminal"),
                        (1, "pdog"),
                        (1, "estie"),
                        (1, "pierre"),
                        (1, "flyingFin"),
                        (1, "joe"),
                        (1, "badger"),
                        (1, "quantum"),
                        (1, "iceman"),
                        (26, "gcalvert");
INSERT INTO Content VALUES(1, "question", "answer", "gcalvert", 1),
                          (2, "question2", "answer2", "gcalvert", 1),
                          (3, "This is a question", "this is an answer", "gcalvert", 1),
                          (4, "to be or not ot be", "that is the quesiton", "gcalvert", 1),
                          (5, "Why do you tell actors to break a leg", "because ther is always a cast", "gcalvert", 1),
                          (6, "why couldnt the pony talk", "becuase she was a little horse", "gcalvert", 1),
                          (7, "what did one toilet say to the other", "you look a little flushed", "gcalvert", 1),
                          (8, "what did the doctor say to the patient that said he felt like a set of curtains?", "pull yourself together", "gcalvert", 1),
                          (9, "what did the ocean say to the pirate", "nothing it just waved", "gcalvert", 1),
                          (10, "what has 4 legs and flies", "a garbage truck", "gcalvert", 1),
                          (11, "why did the old man fall in the well", "he couldnt see that well", "gcalvert", 1),
                          (12, "what did the sink say to the toilet after saying something profound", "let that sink in", "gcalvert", 1),
                          (13, "what is a DJs favorite sauce", "mara nera", "gcalvert", 1),
                          (14, "What should a DJs name be", "EraEric", "gcalvert", 1),
                          (15, "What did the fish say when it ran into a wall", "dam", "gcalvert", 1),
                          (16, "Why did the cracker go to the doctor", "he felt crummy", "gcalvert", 1),
                          (17, "what do you calll a bear with no teeth", "a gummy bear", "gcalvert", 1),
                          (18, "What rhymes with orange", "no it doesnt", "gcalvert", 1),
                          (19, "Why did the barber win the race", "he knew a shortcut", "gcalvert", 1),
                          (20, "where does the king keep his armies", "in his sleevies", "gcalvert", 1),
                          (21, "what do scholars eat when they are hungry", "acadamia nuts", "gcalvert", 1),
                          (22, "Why are there no construction jokes", "theyre still working on them", "gcalvert", 1),
                          (23, "Why do golfers always carry extra pairs of pants", "in case they get a hole in one", "gcalvert", 1),
                          (24, "What do dentists call their xrays", "toothpics", "gcalvert", 1),
                          (25, "WHy do golfers always carry extra pairs of pants", "in case they get a hole in one", "gcalvert", 1),
                          (26, "Why cant pirates sing their abcs", "they always get stuck at C", "gcalvert", 1),
                          (27, "Whats the best thing about living in switzerland", "not sure but the flag is a big plus", "gcalvert", 1),
                          (28, "How do celebrities keep cool", "they have fans", "gcalvert", 1),
                          (29, "Why did the bank teller push the customer over", "they were asked to check the customers balance", "gcalvert", 1),
                          (30, "How many blanks are in a blank", "17", "gcalvert", 1);

                        

                        






